{"cameraMode":{"drawMode":0,"name":"Shaded","section":"Shading Mode"},"sceneLighting":true,"audioPlay":false,"sceneViewState":{"showFog":true,"showMaterialUpdate":false,"showSkybox":true,"showFlares":true,"showImageEffects":true,"showParticleSystems":true},"in2DMode":false,"pivot":{"x":-2.618460178375244,"y":1.5112850666046143,"z":1.312271237373352},"rotation":{"x":-0.010083158500492573,"y":0.985543429851532,"z":-0.15683242678642274,"w":-0.06335806846618653},"size":9.40225887298584,"orthographic":false}